[
  {
    "id": "H-001",
    "Name": "Dr. Rohan Gupta",
    "Specialization": "Hematology",
    "qualification": "MD, DM (Clinical Hematology)",
    "experience": "15 years",
    "hospital/clinic": "Apollo Hospitals",
    "city": "Delhi",
    "fee": 1800,
    "working days": "Monday - Friday"
  },
  {
    "id": "H-002",
    "Name": "Dr. Priya Sharma",
    "Specialization": "Hematology",
    "qualification": "MD, DNB (Hematology)",
    "experience": "12 years",
    "hospital/clinic": "Fortis Hospital, Vasant Kunj",
    "city": "Delhi",
    "fee": 2000,
    "working days": "Monday - Saturday"
  },
  {
    "id": "H-003",
    "Name": "Dr. Arjun Singh",
    "Specialization": "Hematology",
    "qualification": "MD, DM (Clinical Hematology)",
    "experience": "20 years",
    "hospital/clinic": "Max Healthcare, Saket",
    "city": "Delhi",
    "fee": 2500,
    "working days": "Monday - Friday"
  },
  {
    "id": "H-004",
    "Name": "Dr. Sneha Patel",
    "Specialization": "Hematology",
    "qualification": "MD, DM (Hematology)",
    "experience": "10 years",
    "hospital/clinic": "Kokilaben Dhirubhai Ambani Hospital",
    "city": "Mumbai",
    "fee": 2200,
    "working days": "Monday - Saturday"
  },
  {
    "id": "H-005",
    "Name": "Dr. Vikram Reddy",
    "Specialization": "Hematology",
    "qualification": "MD, DNB (Hematology)",
    "experience": "14 years",
    "hospital/clinic": "Manipal Hospital, Old Airport Road",
    "city": "Bangalore",
    "fee": 1700,
    "working days": "Monday - Friday"
  },
  {
    "id": "H-006",
    "Name": "Dr. Ananya Iyer",
    "Specialization": "Hematology",
    "qualification": "MD, DM (Clinical Hematology)",
    "experience": "16 years",
    "hospital/clinic": "Apollo Hospitals, Greams Road",
    "city": "Chennai",
    "fee": 1900,
    "working days": "Monday - Saturday"
  },
  {
    "id": "H-007",
    "Name": "Dr. Sameer Bose",
    "Specialization": "Hematology",
    "qualification": "MD (General Medicine), DM (Hematology)",
    "experience": "18 years",
    "hospital/clinic": "AMRI Hospitals",
    "city": "Kolkata",
    "fee": 1600,
    "working days": "Tuesday, Thursday, Saturday"
  },
  {
    "id": "H-008",
    "Name": "Dr. Meera Krishnan",
    "Specialization": "Hematology",
    "qualification": "MD, DNB (Hematology)",
    "experience": "9 years",
    "hospital/clinic": "Narayana Health City",
    "city": "Bangalore",
    "fee": 1500,
    "working days": "Monday - Friday"
  },
  {
    "id": "H-009",
    "Name": "Dr. Alok Verma",
    "Specialization": "Hematology",
    "qualification": "MD, DM (Clinical Hematology)",
    "experience": "22 years",
    "hospital/clinic": "Sir Ganga Ram Hospital",
    "city": "Delhi",
    "fee": 2800,
    "working days": "Monday - Saturday"
  },
  {
    "id": "H-010",
    "Name": "Dr. Divya Chatterjee",
    "Specialization": "Hematology",
    "qualification": "MD, DM (Hematology)",
    "experience": "11 years",
    "hospital/clinic": "Tata Medical Center",
    "city": "Kolkata",
    "fee": 2000,
    "working days": "Monday - Friday"
  },
  {
    "id": "E-001",
    "Name": "Dr. Rajesh Kumar",
    "Specialization": "Endocrinology",
    "qualification": "MD, DM (Endocrinology & Metabolism)",
    "experience": "18 years",
    "hospital/clinic": "Max Healthcare, Saket",
    "city": "Delhi",
    "fee": 2000,
    "working days": "Monday - Friday"
  },
  {
    "id": "E-002",
    "Name": "Dr. Sunita Rao",
    "Specialization": "Endocrinology",
    "qualification": "MD, DNB (Endocrinology)",
    "experience": "14 years",
    "hospital/clinic": "Manipal Hospital, Whitefield",
    "city": "Bangalore",
    "fee": 1800,
    "working days": "Monday - Saturday"
  },
  {
    "id": "E-003",
    "Name": "Dr. Amit Desai",
    "Specialization": "Endocrinology",
    "qualification": "MD, DM (Endocrinology)",
    "experience": "16 years",
    "hospital/clinic": "Jaslok Hospital",
    "city": "Mumbai",
    "fee": 2500,
    "working days": "Monday - Friday"
  },
  {
    "id": "E-004",
    "Name": "Dr. Kavita Menon",
    "Specialization": "Endocrinology",
    "qualification": "MD, DM (Endocrinology & Metabolism)",
    "experience": "12 years",
    "hospital/clinic": "Apollo Hospitals, Greams Road",
    "city": "Chennai",
    "fee": 1700,
    "working days": "Tuesday, Thursday, Saturday"
  },
  {
    "id": "E-005",
    "Name": "Dr. Rahul Banerjee",
    "Specialization": "Endocrinology",
    "qualification": "MD, DNB (Endocrinology)",
    "experience": "10 years",
    "hospital/clinic": "Fortis Hospital, Anandapur",
    "city": "Kolkata",
    "fee": 1500,
    "working days": "Monday - Friday"
  },
  {
    "id": "E-006",
    "Name": "Dr. Neha Agarwal",
    "Specialization": "Endocrinology",
    "qualification": "MD, DM (Endocrinology)",
    "experience": "13 years",
    "hospital/clinic": "Indraprastha Apollo Hospital",
    "city": "Delhi",
    "fee": 2200,
    "working days": "Monday - Saturday"
  },
  {
    "id": "E-007",
    "Name": "Dr. Vijay Nair",
    "Specialization": "Endocrinology",
    "qualification": "MD, DM (Endocrinology & Metabolism)",
    "experience": "19 years",
    "hospital/clinic": "P. D. Hinduja Hospital",
    "city": "Mumbai",
    "fee": 2600,
    "working days": "Monday - Friday"
  },
  {
    "id": "E-008",
    "Name": "Dr. Lakshmi Murthy",
    "Specialization": "Endocrinology",
    "qualification": "MD, DNB (Endocrinology)",
    "experience": "11 years",
    "hospital/clinic": "Fortis Malar Hospital",
    "city": "Chennai",
    "fee": 1600,
    "working days": "Monday - Saturday"
  },
  {
    "id": "E-009",
    "Name": "Dr. Prakash Joshi",
    "Specialization": "Endocrinology",
    "qualification": "MD, DM (Endocrinology)",
    "experience": "15 years",
    "hospital/clinic": "Sakra World Hospital",
    "city": "Bangalore",
    "fee": 2000,
    "working days": "Monday - Friday"
  },
  {
    "id": "E-010",
    "Name": "Dr. Aditi Sen",
    "Specialization": "Endocrinology",
    "qualification": "MD (General Medicine), DM (Endocrinology)",
    "experience": "17 years",
    "hospital/clinic": "Medica Superspecialty Hospital",
    "city": "Kolkata",
    "fee": 1800,
    "working days": "Monday - Friday"
  },
  {
    "id": "C-001",
    "Name": "Dr. Ashok Seth",
    "Specialization": "Cardiology",
    "qualification": "MD, DM (Cardiology), FACC",
    "experience": "30 years",
    "hospital/clinic": "Fortis Escorts Heart Institute",
    "city": "Delhi",
    "fee": 3000,
    "working days": "Monday - Saturday"
  },
  {
    "id": "C-002",
    "Name": "Dr. Devi Shetty",
    "Specialization": "Cardiology",
    "qualification": "MS, FRCS",
    "experience": "35 years",
    "hospital/clinic": "Narayana Health City",
    "city": "Bangalore",
    "fee": 3500,
    "working days": "Monday - Friday"
  },
  {
    "id": "C-003",
    "Name": "Dr. Ramakanta Panda",
    "Specialization": "Cardiology",
    "qualification": "MCh (CTVS)",
    "experience": "32 years",
    "hospital/clinic": "Asian Heart Institute",
    "city": "Mumbai",
    "fee": 3200,
    "working days": "Monday - Saturday"
  },
  {
    "id": "C-004",
    "Name": "Dr. Naresh Trehan",
    "Specialization": "Cardiology",
    "qualification": "MD, FACS",
    "experience": "40 years",
    "hospital/clinic": "Medanta - The Medicity",
    "city": "Gurugram",
    "fee": 3800,
    "working days": "Monday - Friday"
  },
  {
    "id": "C-005",
    "Name": "Dr. K. M. Cherian",
    "Specialization": "Cardiology",
    "qualification": "MS, FRACS",
    "experience": "45 years",
    "hospital/clinic": "Dr. K. M. Cherian Heart Foundation",
    "city": "Chennai",
    "fee": 3000,
    "working days": "By Appointment"
  },
  {
    "id": "C-006",
    "Name": "Dr. Subhash Chandra",
    "Specialization": "Cardiology",
    "qualification": "MD, DM (Cardiology)",
    "experience": "25 years",
    "hospital/clinic": "BLK-Max Super Speciality Hospital",
    "city": "Delhi",
    "fee": 2500,
    "working days": "Monday - Saturday"
  },
  {
    "id": "C-007",
    "Name": "Dr. Suman Bhandari",
    "Specialization": "Cardiology",
    "qualification": "MD, DM (Cardiology)",
    "experience": "28 years",
    "hospital/clinic": "Fortis Hospital, Mulund",
    "city": "Mumbai",
    "fee": 2600,
    "working days": "Monday - Friday"
  },
  {
    "id": "C-008",
    "Name": "Dr. C. N. Manjunath",
    "Specialization": "Cardiology",
    "qualification": "MD, DM (Cardiology)",
    "experience": "30 years",
    "hospital/clinic": "Sri Jayadeva Institute",
    "city": "Bangalore",
    "fee": 2000,
    "working days": "Monday - Saturday"
  },
  {
    "id": "C-009",
    "Name": "Dr. Rabin Chakraborty",
    "Specialization": "Cardiology",
    "qualification": "MD, FRCP",
    "experience": "33 years",
    "hospital/clinic": "Apollo Gleneagles Hospitals",
    "city": "Kolkata",
    "fee": 2400,
    "working days": "Monday - Friday"
  },
  {
    "id": "C-010",
    "Name": "Dr. A. B. Gopalamurugan",
    "Specialization": "Cardiology",
    "qualification": "MD, MRCP, CCT (UK)",
    "experience": "22 years",
    "hospital/clinic": "Kauvery Hospital",
    "city": "Chennai",
    "fee": 2000,
    "working days": "Monday - Saturday"
  },
  {
    "id": "N-001",
    "Name": "Dr. Vijay Kher",
    "Specialization": "Nephrology",
    "qualification": "MD, DM (Nephrology), FRCP",
    "experience": "30 years",
    "hospital/clinic": "Fortis Escorts Heart Institute",
    "city": "Delhi",
    "fee": 2500,
    "working days": "Monday - Friday"
  },
  {
    "id": "N-002",
    "Name": "Dr. Sandeep Guleria",
    "Specialization": "Nephrology",
    "qualification": "MS, FRCS",
    "experience": "28 years",
    "hospital/clinic": "Indraprastha Apollo Hospital",
    "city": "Delhi",
    "fee": 2700,
    "working days": "Monday - Saturday"
  },
  {
    "id": "N-003",
    "Name": "Dr. Jatin Kothari",
    "Specialization": "Nephrology",
    "qualification": "MD, DNB (Nephrology)",
    "experience": "26 years",
    "hospital/clinic": "P. D. Hinduja Hospital",
    "city": "Mumbai",
    "fee": 2400,
    "working days": "Monday - Friday"
  },
  {
    "id": "N-004",
    "Name": "Dr. Alan Almeida",
    "Specialization": "Nephrology",
    "qualification": "MD, DNB (Nephrology)",
    "experience": "32 years",
    "hospital/clinic": "Jaslok Hospital",
    "city": "Mumbai",
    "fee": 2800,
    "working days": "Tuesday, Thursday, Saturday"
  },
  {
    "id": "N-005",
    "Name": "Dr. Rajan Ravichandran",
    "Specialization": "Nephrology",
    "qualification": "MD, FRCP",
    "experience": "35 years",
    "hospital/clinic": "MIOT International",
    "city": "Chennai",
    "fee": 2000,
    "working days": "Monday - Friday"
  },
  {
    "id": "N-006",
    "Name": "Dr. M. K. Mani",
    "Specialization": "Nephrology",
    "qualification": "MD, FRCP",
    "experience": "50 years",
    "hospital/clinic": "Apollo Hospitals, Greams Road",
    "city": "Chennai",
    "fee": 3000,
    "working days": "By Appointment"
  },
  {
    "id": "N-007",
    "Name": "Dr. Sudarshan Ballal",
    "Specialization": "Nephrology",
    "qualification": "MD, FRCP",
    "experience": "30 years",
    "hospital/clinic": "Manipal Hospital, Old Airport Road",
    "city": "Bangalore",
    "fee": 2500,
    "working days": "Monday - Saturday"
  },
  {
    "id": "N-008",
    "Name": "Dr. Sankaran Sundar",
    "Specialization": "Nephrology",
    "qualification": "MD, DM (Nephrology)",
    "experience": "24 years",
    "hospital/clinic": "Columbia Asia Hospital",
    "city": "Bangalore",
    "fee": 2000,
    "working days": "Monday - Friday"
  },
  {
    "id": "N-009",
    "Name": "Dr. Pratim Sengupta",
    "Specialization": "Nephrology",
    "qualification": "MD, DM (Nephrology)",
    "experience": "20 years",
    "hospital/clinic": "Belle Vue Clinic",
    "city": "Kolkata",
    "fee": 1800,
    "working days": "Monday - Saturday"
  },
  {
    "id": "N-010",
    "Name": "Dr. Deepak Jain",
    "Specialization": "Nephrology",
    "qualification": "MD, DNB (Nephrology)",
    "experience": "18 years",
    "hospital/clinic": "AMRI Hospitals",
    "city": "Kolkata",
    "fee": 1700,
    "working days": "Monday - Friday"
  },
  {
    "id": "L-001",
    "Name": "Dr. Mohamed Rela",
    "Specialization": "Hepatology",
    "qualification": "MS, FRCS",
    "experience": "30 years",
    "hospital/clinic": "Dr. Rela Institute & Medical Centre",
    "city": "Chennai",
    "fee": 3500,
    "working days": "By Appointment"
  },
  {
    "id": "L-002",
    "Name": "Dr. Subhash Gupta",
    "Specialization": "Hepatology",
    "qualification": "MS, FRCS",
    "experience": "28 years",
    "hospital/clinic": "Max Healthcare, Saket",
    "city": "Delhi",
    "fee": 3000,
    "working days": "Monday - Friday"
  },
  {
    "id": "L-003",
    "Name": "Dr. A. S. Soin",
    "Specialization": "Hepatology",
    "qualification": "MS, FRCS",
    "experience": "29 years",
    "hospital/clinic": "Medanta - The Medicity",
    "city": "Gurugram",
    "fee": 3200,
    "working days": "Monday - Saturday"
  },
  {
    "id": "L-004",
    "Name": "Dr. Samir Shah",
    "Specialization": "Hepatology",
    "qualification": "MD, DM (Gastroenterology)",
    "experience": "34 years",
    "hospital/clinic": "Global Hospital, Mumbai",
    "city": "Mumbai",
    "fee": 2800,
    "working days": "Monday - Friday"
  },
  {
    "id": "L-005",
    "Name": "Dr. Sanjay Govil",
    "Specialization": "Hepatology",
    "qualification": "MS, MCh",
    "experience": "26 years",
    "hospital/clinic": "Apollo Hospitals, Bannerghatta",
    "city": "Bangalore",
    "fee": 2400,
    "working days": "Monday - Saturday"
  },
  {
    "id": "L-006",
    "Name": "Dr. Gourdas Choudhuri",
    "Specialization": "Hepatology",
    "qualification": "MD, DM (Gastro), FRCP",
    "experience": "38 years",
    "hospital/clinic": "Fortis Hospital, Mulund",
    "city": "Mumbai",
    "fee": 3000,
    "working days": "Monday - Friday"
  },
  {
    "id": "L-007",
    "Name": "Dr. Vivek Vij",
    "Specialization": "Hepatology",
    "qualification": "MS, MCh (GI Surgery)",
    "experience": "22 years",
    "hospital/clinic": "Fortis Escorts, Okhla",
    "city": "Delhi",
    "fee": 2800,
    "working days": "Monday - Saturday"
  },
  {
    "id": "L-008",
    "Name": "Dr. Joy Varghese",
    "Specialization": "Hepatology",
    "qualification": "MD, DM (Gastroenterology)",
    "experience": "20 years",
    "hospital/clinic": "Gleneagles Global Health City",
    "city": "Chennai",
    "fee": 2200,
    "working days": "Monday - Friday"
  },
  {
    "id": "L-009",
    "Name": "Dr. Mahesh Gopasetty",
    "Specialization": "Hepatology",
    "qualification": "MS, MCh (Surgical Gastro)",
    "experience": "23 years",
    "hospital/clinic": "Manipal Hospital, Old Airport Road",
    "city": "Bangalore",
    "fee": 2500,
    "working days": "Monday - Saturday"
  },
  {
    "id": "L-010",
    "Name": "Dr. Abhijit Chowdhury",
    "Specialization": "Hepatology",
    "qualification": "MD, DM (Gastroenterology)",
    "experience": "30 years",
    "hospital/clinic": "IPGME&R and SSKM Hospital",
    "city": "Kolkata",
    "fee": 2000,
    "working days": "Monday - Friday"
  }
]